supplier_id,supplier_name,contact_email
1,Jordan-Boyd,cochranangelica@barker-hughes.com
2,Allison-Price,qbrown@martin.com
3,"Cummings, Kirk and Taylor",tonyrobinson@melton.com
4,Tucker-Cooper,markthomas@gray-hopkins.com
5,Collins Group,everettemily@chambers-duarte.com
6,Garcia-Short,marco69@johnson.net
7,Keith-Jimenez,melanie56@erickson.com
8,Mullen-Faulkner,juliakrause@smith-brown.com
9,"Spencer, Wilkinson and Smith",johnsonfranklin@barber-day.com
10,Brown-Santos,kelliescott@hughes.com
11,Gonzalez-Payne,sandra56@mckay-jimenez.com
12,Little-Martinez,thomas91@buckley-figueroa.net
13,Hinton Inc,michaelanderson@lawson.info
14,"Garcia, Johnson and Patton",hsanchez@king.com
15,Clay-Graham,roger57@chavez-vang.info
16,"Martin, Alvarado and Mckinney",erikchang@hughes.com
17,Nelson and Sons,alvinsilva@stevens-blevins.biz
18,Roy and Sons,ggarcia@buck.biz
19,Hunter LLC,reginashort@turner.biz
20,Church-Simmons,nwalker@hernandez.biz
21,Salinas-Roth,william05@king-gregory.com
22,"Thompson, Woodward and Blake",kbrewer@dennis.info
23,Davis LLC,sanchezjohnny@brown.com
24,Williams LLC,woodskevin@johnson.com
25,Hoover-Shepherd,millerkimberly@ray.com
26,Andrade Ltd,bstephens@phillips-sanchez.com
27,Jackson Group,jason20@thomas-west.info
28,"Nelson, Norton and Michael",ramseymichael@smith.com
29,Boyer-Watson,douglasbrooke@black.info
30,Smith PLC,patrickhale@frost.info
31,Ho-Adams,hallamy@tanner-gonzalez.biz
32,Thomas-Ward,duranariel@barber.com
33,Miles-Rangel,ataylor@gonzales-spencer.com
34,Nelson-Freeman,hobetty@beard.info
35,"Martin, Goodwin and Brown",mcclurejeffrey@thompson-stafford.com
36,"Mays, Miller and Wood",kevin17@thompson.com
37,"Sanchez, Crosby and Lopez",melissashaffer@morris.biz
38,Lawrence PLC,john91@mitchell.biz
39,Walker-Yoder,chungmeghan@greene-curtis.com
40,Hill-Vasquez,cbonilla@sims-roberts.org
41,Smith and Sons,beverlywarner@martin-gardner.com
42,Shaffer-Duran,amanda71@thornton-rodriguez.com
43,"Cox, Martinez and Simmons",regina08@palmer-torres.info
44,"Smith, Hicks and Patel",fthompson@miller-bowman.info
45,Kelly-Tate,brewersharon@williams.biz
46,Schroeder PLC,lisawagner@barrett.com
47,Perez-Jordan,jenkinsmonique@phillips-frye.com
48,"Ford, Mcguire and Stevenson",vstewart@pearson.net
49,"Lopez, White and Jimenez",katherine29@johnston-buck.com
50,"Robertson, Vaughn and Fuentes",emilywilliamson@brown.com
51,"Price, Walters and Robinson",omartinez@henry-wilkinson.net
52,Bird-Flynn,xtorres@hicks.org
53,"Santos, Armstrong and Wilson",sarah47@johnson.com
54,Rodriguez-Evans,debrahunter@fernandez.net
55,"Lee, Moore and Weber",williamfranklin@brandt.com
56,Reid-Simmons,kaylamoody@mendoza.com
57,Clark and Sons,michael01@cruz.biz
58,"Moore, Powers and Cunningham",paul02@howard.com
59,Reynolds-Turner,torresmary@thomas.com
60,Arnold Group,jessicaallen@chapman.com
61,Walter Inc,gonzalezvalerie@collins.com
62,Santos Group,nicolereilly@ramos.biz
63,Thomas Inc,hwhite@mcmahon.info
64,Brooks-Walter,frederickgray@allen.com
65,Jones and Sons,lwashington@bell.com
66,Barnes-Brown,paularnold@bartlett-ryan.info
67,Le Inc,moralestroy@martinez.com
68,Dominguez-Colon,jwoods@smith-thompson.biz
69,"Garcia, Anderson and Woods",rachelwilliams@cook.net
70,"Potts, Holloway and Baker",jillianwerner@zimmerman.com
71,Carpenter-Estes,willisjonathan@lopez.info
72,Edwards and Sons,wilsonconnor@harris.org
73,Higgins-Reilly,nicolemiller@bush.info
74,Duncan Group,dferrell@vega.com
75,Washington Ltd,jasondaniels@scott.info
76,Ruiz-Mercado,tyronecraig@baker-smith.com
77,White-Peters,kennedyconnie@hernandez-wagner.com
78,"Martin, Frank and Dalton",george41@odom-hill.com
79,"Graham, Kelly and Gilbert",lfoster@jackson-martin.com
80,"Hardy, Clayton and Page",grahamnancy@hardy.com
81,Jefferson and Sons,michael82@baker.com
82,Walker Inc,thompsonjoseph@davis.net
83,Jones and Sons,marytodd@vega.com
84,Hartman Ltd,leontraci@johnson.com
85,"Lee, Bryant and Pena",joshua36@duke.com
86,Blevins and Sons,ccampbell@li.net
87,Jackson Ltd,sandra53@oneal.com
88,"Walton, Young and Gallegos",smithheather@moore-watkins.com
89,Nichols-Delacruz,christina50@cummings.com
90,Pearson PLC,brenda91@williams-rodriguez.com
91,Carey-Owens,eboyd@wells.net
92,Boyd and Sons,gina00@guerrero-fischer.org
93,"Moore, Reed and Spencer",kennethpierce@thornton.com
94,Hicks LLC,meghan65@foster.com
95,"Smith, Evans and Lopez",roconnell@ward-jensen.biz
96,"Martinez, Harris and Wong",danielle01@bright.com
97,Avery-Harrell,sydneyyates@scott.com
98,Davis-Herrera,jesse18@adams-hernandez.biz
99,Montoya and Sons,ljordan@ramirez-brock.com
100,Velazquez-Cox,willie44@warren.com
101,"Spencer, Mendez and Cole",luceroregina@scott.com
102,"Collins, Brock and Brown",micheleevans@williamson.com
103,"Hines, Dawson and Parker",jessicabailey@wilkerson.info
104,Mann PLC,dsnyder@gonzalez.com
105,"Watson, Jones and Mclaughlin",jason40@parrish.info
106,White-Ellis,charles39@weaver.org
107,Saunders-Ramirez,lisa11@villarreal.biz
108,"Pittman, Smith and Brown",kchen@figueroa.com
109,"Norman, Jones and Carr",timcardenas@jordan.com
110,Gross-Ballard,alandavid@barnett.info
111,"Strickland, Chambers and Jenkins",jesse79@davis.com
112,"Summers, Craig and Whitaker",lynnking@mcclain.biz
113,"Curtis, Hernandez and Morgan",oflores@kelly-phillips.com
114,Ware PLC,jonmcdonald@allen.com
115,Davis and Sons,vmahoney@nguyen-myers.com
116,"Kennedy, Warren and Shepard",tyler58@hardy-gates.info
117,"Keller, Perry and Morales",ujackson@brown-holmes.com
118,Campos-Walters,erin50@young.com
119,Hopkins Group,kdavid@smith.com
120,Ponce Group,xavierfarmer@taylor.com
121,Smith and Sons,matthew29@robbins.com
122,Mitchell-Bell,ambersmith@pace-herring.com
123,"Bennett, Williams and Lopez",gonzalestony@joseph.biz
124,Powell-Ho,gillstacy@gallagher.com
125,Baxter Group,michelleclarke@burnett.info
126,Buchanan-Dickerson,nmcneil@walker.com
127,Graves-Allen,perryrodney@lee.com
128,Reynolds-Boyd,maxwell15@gutierrez-yoder.biz
129,Davis Inc,joel03@logan-frost.com
130,Little and Sons,johnsonmary@diaz.com
131,Rivera-Wall,crossjo@fernandez-shaw.info
132,Sherman-Turner,kathydelgado@ponce.biz
133,Saunders Ltd,karina83@stewart.info
134,Kirby Group,jstrickland@franco.com
135,"Sheppard, Villegas and Wilkins",reginagarcia@newton.com
136,Townsend-Gomez,burkerobert@benson.com
137,Reese PLC,allison34@johnson.com
138,Perez-Velasquez,briangibson@johnson.com
139,Hale-Smith,gross@wagner.com
140,"Ryan, Hammond and Collins",xjohnson@baird.com
141,Watts-Washington,caitlin83@clark.com
142,"Novak, Jones and Williams",amypierce@payne.info
143,Lee-Fleming,williamsdanielle@snow.com
144,Jones-Cook,hhughes@munoz.biz
145,"Ewing, Kim and Brock",pgreen@brown-hall.info
146,Rivera and Sons,annhuerta@bishop.net
147,Cunningham LLC,porterjordan@mcgee-smith.com
148,Williams and Sons,brenda99@rivera-reese.info
149,Chavez and Sons,bsmith@west.com
150,"Parrish, Charles and Morrison",mollymartin@castillo.net
151,"Davis, Ferguson and Bell",hbolton@collins-crawford.com
152,Baker Ltd,howardmichael@hayes-hanna.org
153,Jackson Ltd,kara71@pierce.com
154,Hill-Smith,alicia28@pearson.com
155,Tate and Sons,perrygeorge@thomas-holmes.org
156,Brady Ltd,jessicamartinez@collins.com
157,Wells-Tucker,barrerajoseph@ferguson.biz
158,Morrison PLC,emily47@miller.com
159,"Fuentes, Steele and Ellis",patrick15@jimenez.com
160,Hanna-Cox,clarksherri@olson.biz
161,Price Group,wallacejames@garrett.com
162,"Smith, Hall and Nichols",martinmary@elliott.com
163,"Rodriguez, Liu and Matthews",eperez@gibson.com
164,Harris Group,adam06@rivera-mcbride.com
165,Sexton Group,toddwright@castro.com
166,Wallace-Wilson,jamespotts@rivera-munoz.com
167,"Thomas, Hayden and Sampson",nrichards@chavez.net
168,Hardy Ltd,stephanie62@ruiz.com
169,Bennett-Nichols,millerjennifer@hill-ellison.com
170,Bowen-Hall,bensonglenn@carson.com
171,"Casey, Ellis and Carrillo",amandasandoval@casey-hamilton.net
172,Campbell-Larsen,sarahbishop@newman.com
173,Jackson Ltd,smithjason@simon.info
174,Melendez and Sons,ojuarez@mills.org
175,Morales-Cisneros,april39@armstrong.info
176,"Mccoy, Church and Watson",matthew71@castillo-larson.com
177,Shelton Group,moorepatrick@mcmahon.com
178,"Rojas, Taylor and Thornton",xalexander@black.org
179,"Miller, Howell and Yoder",brownmegan@powell-spencer.com
180,"Carter, Lambert and Garcia",grantmegan@solomon.com
181,Martinez Ltd,kellybrown@wolfe.com
182,Bender-Clark,matthewswilliam@foster-miller.info
183,Barber Ltd,keithgonzalez@martin-diaz.net
184,Gonzalez Group,samantha31@smith.com
185,Newman-Cooley,myoung@yu.com
186,Mullins-Blair,joriddle@hill-crawford.com
187,Hall-Sutton,smithgary@mcdaniel.net
188,"Hughes, Brown and Grant",jonathan17@roth.org
189,Wright Group,raguirre@colon.biz
190,Rivera Group,yhines@morris.com
191,Long PLC,gravescaleb@vargas.org
192,Blankenship-Morgan,jensenandrew@chambers-bauer.com
193,"Blevins, Williams and Meyers",ericwong@anderson-boyd.com
194,Perez Inc,rodgersangelica@green-carter.com
195,Solomon Inc,dmartinez@leach-cisneros.com
196,Lopez Ltd,turnerbradley@decker.com
197,"Anderson, Yates and Cochran",coopermichael@young.com
198,"Cordova, Simmons and Flores",brenda60@morgan.info
199,"Leach, Crawford and Henderson",derekcollins@flores.biz
200,"Walker, Rangel and Wright",ehernandez@martinez-tran.com
